0.4690619574652778,0.13539420233832467,0.13598166571723092,0.12382782830132379,0.11797078450520833,0.09147008260091145,0.1441802978515625,0.03564453125
0.4690619574652778,0.14757378896077475,0.13224156697591147,0.1200926038953993,0.1119935777452257,0.08502366807725695,0.124908447265625,0.0306396484375
0.4690619574652778,0.15090984768337673,0.13015196058485243,0.12906667921278211,0.11056433783637153,0.08660252888997395,0.11578369140625,0.0316162109375
0.4690619574652778,0.15379619598388672,0.12969504462348092,0.12169922722710504,0.09727647569444445,0.07847171359592015,0.1104736328125,0.0272216796875
0.4690619574652778,0.15569676293267143,0.14550272623697916,0.12626520792643228,0.109283447265625,0.07496812608506945,0.11273193359375,0.02587890625
0.4690619574652778,0.14892270829942492,0.1365754869249132,0.11106512281629774,0.1067598130967882,0.07385296291775173,0.106231689453125,0.0245361328125
0.4690619574652778,0.15553792317708334,0.13014305962456596,0.11194398668077257,0.09420945909288195,0.07961485120985243,0.1005401611328125,0.030029296875
0.4690619574652778,0.15344810485839844,0.14559215969509548,0.11614248487684461,0.10287729899088542,0.07597986857096355,0.105743408203125,0.038330078125
0.4690619574652778,0.14990255567762586,0.13297314114040798,0.10832108391655816,0.09555731879340278,0.06866285536024305,0.0995330810546875,0.0325927734375
0.4690619574652778,0.156818601820204,0.13642120361328125,0.11260096232096355,0.08627149793836805,0.06838353474934895,0.0935211181640625,0.0406494140625
0.4690619574652778,0.15541288587782118,0.14502716064453125,0.11021698845757379,0.0906829833984375,0.06574249267578125,0.0954437255859375,0.0372314453125
0.4690619574652778,0.15080875820583767,0.14201524522569445,0.11507797241210938,0.08725738525390625,0.06770367092556423,0.093017578125,0.035400390625
0.4690619574652778,0.155628416273329,0.1477847629123264,0.11279233296712239,0.08080885145399305,0.06717724270290798,0.0948486328125,0.038330078125
0.4690619574652778,0.15244971381293404,0.14997990926106772,0.10167948404947917,0.08461252848307292,0.059955596923828125,0.093231201171875,0.0396728515625
0.4690619574652778,0.15224859449598524,0.14347330729166666,0.10812399122450086,0.08309682210286458,0.06529405381944445,0.0936279296875,0.0390625
0.4690619574652778,0.15285714467366537,0.14928563435872397,0.10400581359863281,0.0853975084092882,0.06189685397677951,0.0962677001953125,0.0367431640625
0.4690619574652778,0.1541306177775065,0.15699895222981772,0.10660404629177517,0.0881559583875868,0.06407928466796875,0.0960845947265625,0.03515625
0.4690619574652778,0.15615261925591362,0.14889738294813368,0.10398483276367188,0.07970428466796875,0.06632147894965278,0.0891876220703125,0.0345458984375
0.4690619574652778,0.15250492095947266,0.14605797661675346,0.10431522793240017,0.08235931396484375,0.060932159423828125,0.088897705078125,0.0355224609375
0.4690619574652778,0.1477642059326172,0.14883719550238717,0.09999063279893664,0.0810334947374132,0.06002595689561632,0.1031646728515625,0.0386962890625
0.4690619574652778,0.1538627412584093,0.16185887654622397,0.10367012023925781,0.07898033989800347,0.06258010864257812,0.088653564453125,0.0311279296875
0.4690619574652778,0.15224997202555338,0.15735032823350695,0.10246531168619792,0.0762574937608507,0.060662163628472224,0.1006317138671875,0.036376953125
0.4690619574652778,0.15510241190592447,0.16177580091688368,0.10329882303873698,0.08292304144965278,0.058451334635416664,0.10565185546875,0.0330810546875
0.4690619574652778,0.15150070190429688,0.1549750434027778,0.09721204969618055,0.07724761962890625,0.059117635091145836,0.09686279296875,0.03515625
0.4690619574652778,0.15160613589816624,0.15734100341796875,0.09957101609971789,0.07354058159722222,0.058812459309895836,0.095672607421875,0.03955078125
0.4690619574652778,0.1564567353990343,0.15540864732530382,0.10639699300130208,0.07580142550998265,0.056090460883246526,0.0998382568359375,0.040283203125
0.4690619574652778,0.15774907006157768,0.15255186292860243,0.10207727220323351,0.0790286593967014,0.06304211086697048,0.1042327880859375,0.0474853515625
0.4690619574652778,0.15474541982014975,0.15615039401584202,0.10856013827853733,0.0806181165907118,0.05934439765082465,0.1010284423828125,0.0380859375
0.4690619574652778,0.15247938368055555,0.15945731268988717,0.10191917419433594,0.07862345377604167,0.0587967766655816,0.0988006591796875,0.0439453125
0.4690619574652778,0.1525947782728407,0.1557685004340278,0.10410118103027344,0.0820371839735243,0.061199188232421875,0.0902557373046875,0.04345703125
0.4690619574652778,0.1570876439412435,0.15521409776475695,0.10541576809353298,0.0725767347547743,0.05836190117730035,0.0951690673828125,0.03173828125
0.4690619574652778,0.1536593967013889,0.15095647176106772,0.10972298516167535,0.07907613118489583,0.053379058837890625,0.095916748046875,0.0316162109375
0.4690619574652778,0.15900919172498915,0.17452918158637154,0.10664579603407118,0.07644399007161458,0.05961947970920139,0.103485107421875,0.0419921875
0.4690619574652778,0.1465996636284722,0.1660919189453125,0.10156080457899305,0.06571536593967015,0.056115044487847224,0.0892333984375,0.03564453125
0.4690619574652778,0.15744241078694662,0.1578275892469618,0.103057861328125,0.07538011338975695,0.0620880126953125,0.1122589111328125,0.0439453125
0.4690619574652778,0.1525072521633572,0.16010242038302952,0.0975846184624566,0.07843017578125,0.05478201972113715,0.0993804931640625,0.0328369140625
0.4690619574652778,0.15357324812147352,0.14534801907009548,0.10177506340874566,0.07140265570746528,0.0601302252875434,0.0929718017578125,0.0361328125
0.4690619574652778,0.15461370680067274,0.1542087131076389,0.10819011264377171,0.07268015543619792,0.0570738050672743,0.1011199951171875,0.0445556640625
0.4690619574652778,0.15583854251437718,0.15538067287868923,0.11013073391384548,0.06870608859592015,0.05416319105360243,0.0930328369140625,0.0374755859375
0.4690619574652778,0.15363025665283203,0.1682459513346354,0.10515191819932726,0.07079908582899305,0.060760498046875,0.1027984619140625,0.0462646484375
0.4690619574652778,0.15340953403049046,0.1551691691080729,0.09886805216471355,0.07182481553819445,0.05515628390842014,0.100250244140625,0.0364990234375
0.4690619574652778,0.15314526028103298,0.15918731689453125,0.10389921400282118,0.06975809733072917,0.054840087890625,0.1027069091796875,0.044677734375
0.4690619574652778,0.15558158026801217,0.16548665364583334,0.1093398200141059,0.07804701063368055,0.056115044487847224,0.0976409912109375,0.041259765625
0.4690619574652778,0.16050179799397787,0.17717530992296007,0.10319879319932726,0.0711551242404514,0.057813008626302086,0.10406494140625,0.0411376953125
0.4690619574652778,0.15560891893174914,0.15710364447699654,0.11375808715820312,0.06646474202473958,0.05548053317599826,0.0969696044921875,0.03857421875
0.4690619574652778,0.15654362572564018,0.16407860649956596,0.10750452677408855,0.07120598687065972,0.0577757093641493,0.1013641357421875,0.041748046875
0.4690619574652778,0.15225760142008463,0.1657926771375868,0.09974818759494358,0.06860436333550347,0.05546273125542535,0.099945068359375,0.041748046875
0.4690619574652778,0.15726958380805123,0.16003460354275173,0.10179773966471355,0.06933339436848958,0.05586369832356771,0.1039581298828125,0.0380859375
0.4690619574652778,0.1620109346177843,0.15571551852756077,0.10439745585123698,0.06516859266493055,0.05538177490234375,0.0933685302734375,0.0421142578125
0.4690619574652778,0.1547079086303711,0.16839090983072916,0.11614693535698785,0.06914011637369792,0.05000347561306424,0.0991668701171875,0.03369140625
0.4690619574652778,0.1593939463297526,0.15199195014105904,0.10434171888563368,0.07171800401475695,0.05321841769748264,0.095306396484375,0.048095703125
0.4690619574652778,0.15556102328830296,0.1615820990668403,0.10073195563422309,0.07237497965494792,0.051433563232421875,0.1080780029296875,0.04052734375
0.4690619574652778,0.16384273105197483,0.1594568888346354,0.11483128865559895,0.0709567599826389,0.0537321302625868,0.0962982177734375,0.0416259765625
0.4690619574652778,0.1609948476155599,0.16502888997395834,0.10428025987413195,0.0761752658420139,0.05042860243055555,0.09490966796875,0.037353515625
0.4690619574652778,0.15727149115668404,0.15642589992947048,0.1112789577907986,0.07083214653862847,0.05670462714301215,0.0927734375,0.0341796875
0.4690619574652778,0.15916326310899523,0.1604436238606771,0.09701707628038195,0.07185787624782985,0.050942314995659724,0.094207763671875,0.032470703125
0.4690619574652778,0.1532072491115994,0.16068649291992188,0.1026446024576823,0.07230970594618055,0.05552715725368924,0.1039886474609375,0.0350341796875
0.4690619574652778,0.15001773834228516,0.16640260484483507,0.10665512084960938,0.0747256808810764,0.05513636271158854,0.0947113037109375,0.0411376953125
0.4690619574652778,0.163442505730523,0.15894656711154515,0.10785463121202257,0.06613074408637153,0.05201509263780382,0.0964202880859375,0.042236328125
0.4690619574652778,0.16068289015028211,0.1620669894748264,0.10377417670355903,0.06533389621310765,0.05416149563259549,0.1003570556640625,0.037109375
0.4690619574652778,0.15605608622233072,0.1606258816189236,0.10954856872558594,0.07091861300998265,0.05229526095920139,0.0946502685546875,0.0396728515625
0.4690619574652778,0.15315299563937718,0.1529625786675347,0.10597165425618489,0.07075670030381945,0.0493833753797743,0.0980072021484375,0.039306640625
0.4690619574652778,0.15697299109564888,0.1627044677734375,0.1111895243326823,0.07459174262152778,0.056400299072265625,0.1087493896484375,0.038330078125
0.4690619574652778,0.15279939439561632,0.16449271308051217,0.10548167758517796,0.0697818332248264,0.055130852593315974,0.097625732421875,0.0439453125
0.4690619574652778,0.15567779541015625,0.15778605143229166,0.10884412129720052,0.07352193196614583,0.051868438720703125,0.0989532470703125,0.04443359375
0.4690619574652778,0.15754901038275826,0.16673066880967882,0.10894245571560329,0.06389957004123265,0.05533599853515625,0.1057891845703125,0.041015625
0.4690619574652778,0.14975992838541666,0.15047581990559897,0.10214191012912327,0.07125091552734375,0.0514619615342882,0.0996246337890625,0.032470703125
0.4690619574652778,0.15547794765896267,0.15515221489800346,0.1009415520562066,0.0668301052517361,0.05246141221788195,0.1035003662109375,0.04443359375
0.4690619574652778,0.14910750918918186,0.15508058336046007,0.09880129496256511,0.062235514322916664,0.05164888170030382,0.0987396240234375,0.0430908203125
0.4690619574652778,0.1553871366712782,0.16925006442599827,0.10601827833387586,0.06506601969401042,0.05468919542100695,0.107086181640625,0.0421142578125
0.4690619574652778,0.15471712748209634,0.15469911363389757,0.10851732889811198,0.061020745171440974,0.05435477362738715,0.097259521484375,0.0435791015625
0.4690619574652778,0.15261395772298178,0.16444269816080728,0.10293070475260417,0.06653849283854167,0.056917826334635414,0.098907470703125,0.0501708984375
0.4690619574652778,0.15677950117323133,0.16013971964518228,0.10766855875651042,0.07156541612413195,0.0538987053765191,0.099822998046875,0.05029296875
0.4690619574652778,0.15282567342122397,0.15205086602105033,0.10368834601508246,0.06563059488932292,0.05326800876193576,0.093475341796875,0.03955078125
0.4690619574652778,0.14950942993164062,0.15967686971028647,0.09804852803548177,0.06773630777994792,0.0503446790907118,0.0968170166015625,0.0435791015625
0.4690619574652778,0.15756924947102866,0.1554904513888889,0.10421795315212673,0.06407335069444445,0.0503739251030816,0.0904998779296875,0.0384521484375
0.4690619574652778,0.14827357398139107,0.1607759263780382,0.10187212626139323,0.0627958509657118,0.05390124850802951,0.0985870361328125,0.0341796875
0.4690619574652778,0.15410274929470485,0.1656985812717014,0.10829798380533855,0.06553480360243055,0.04916254679361979,0.0993194580078125,0.0426025390625
0.4690619574652778,0.15885289510091147,0.16015243530273438,0.10274696350097656,0.06437174479166667,0.05069012112087674,0.1034393310546875,0.0406494140625
0.4690619574652778,0.15950224134657118,0.1655951605902778,0.1000400119357639,0.06522454155815972,0.0500289069281684,0.1063385009765625,0.0408935546875
0.4690619574652778,0.15460904439290366,0.15597449408637154,0.10842344495985243,0.057562934027777776,0.05071300930447049,0.0995635986328125,0.043212890625
0.4690619574652778,0.15414757198757595,0.16146808200412327,0.10267257690429688,0.0619142320421007,0.049517313639322914,0.1109771728515625,0.044921875
0.4690619574652778,0.15509944491916233,0.15790430704752603,0.10117340087890625,0.064300537109375,0.0514009263780382,0.1071624755859375,0.0380859375
0.4690619574652778,0.15521155463324654,0.15492545233832467,0.10606744554307726,0.060469733344184026,0.05267164442274305,0.096038818359375,0.0369873046875
0.4690619574652778,0.15521653493245444,0.15026219685872397,0.10120964050292969,0.0689756605360243,0.0483351813422309,0.0965118408203125,0.0400390625
0.4690619574652778,0.15730550554063585,0.1611514621310764,0.09755388895670573,0.0711483425564236,0.0517989264594184,0.109375,0.0390625
0.4690619574652778,0.15014108022054037,0.15427652994791666,0.09741444057888454,0.06683095296223958,0.04877132839626736,0.1038055419921875,0.0347900390625
0.4690619574652778,0.1553288565741645,0.16009055243598092,0.10223219129774305,0.06430223253038195,0.0464231703016493,0.1021881103515625,0.041748046875
0.4690619574652778,0.15049733055962455,0.14737404717339408,0.10119459364149305,0.06447686089409722,0.050448099772135414,0.1014404296875,0.042236328125
0.4690619574652778,0.16556580861409506,0.1597442626953125,0.10983212788899739,0.06736924913194445,0.05646091037326389,0.0996856689453125,0.04443359375
0.4690619574652778,0.15296671125623915,0.15134641859266493,0.10430463155110677,0.062164306640625,0.05061552259657118,0.1035308837890625,0.0430908203125
0.4690619574652778,0.15875699785020617,0.16346910264756945,0.10630819532606336,0.06520758734809028,0.05399873521592882,0.0992279052734375,0.0400390625
0.4690619574652778,0.15925958421495226,0.15963660346137154,0.10200288560655382,0.061559041341145836,0.047733306884765625,0.0979461669921875,0.0465087890625
0.4690619574652778,0.15607802073160806,0.15106625027126735,0.09807946946885851,0.0660434299045139,0.048154195149739586,0.108795166015625,0.04248046875
0.4690619574652778,0.1536762449476454,0.16060892740885416,0.10385746426052517,0.06804572211371528,0.0515335930718316,0.11297607421875,0.03857421875
0.4690619574652778,0.15545855628119576,0.16253195868598092,0.1046566433376736,0.06595526801215278,0.052056206597222224,0.1094207763671875,0.041259765625
0.4690619574652778,0.15434371100531685,0.1490970187717014,0.10418976677788629,0.06560516357421875,0.04860899183485243,0.101715087890625,0.0391845703125
0.4690619574652778,0.15555095672607422,0.1595492892795139,0.10618485344780816,0.05948215060763889,0.05285771687825521,0.1135406494140625,0.0333251953125
0.4690619574652778,0.1519232855902778,0.15329869588216147,0.10220294528537327,0.06259918212890625,0.05015436808268229,0.0984344482421875,0.037353515625
0.4690619574652778,0.15602938334147134,0.16271845499674478,0.10355271233452691,0.0638003879123264,0.05130725436740451,0.10614013671875,0.035888671875
0.4690619574652778,0.15570174323187935,0.15757581922743055,0.10271559821234809,0.0624482896592882,0.05292977227105035,0.1059112548828125,0.0418701171875
0.4690619574652778,0.1604607899983724,0.1613854302300347,0.09604899088541667,0.06308068169487847,0.0521452162000868,0.1096038818359375,0.0330810546875
0.4690619574652778,0.15645217895507812,0.15070385403103298,0.10272789001464844,0.06390550401475695,0.04725604587131076,0.111541748046875,0.0484619140625
0.4690619574652778,0.16180568271213108,0.15298038058810765,0.10601425170898438,0.0706821017795139,0.046367645263671875,0.094207763671875,0.0386962890625
0.4690619574652778,0.15481842888726127,0.1578648885091146,0.10073810153537327,0.06424034966362847,0.05012936062282986,0.1173095703125,0.047119140625
0.4690619574652778,0.1541527642144097,0.17331695556640625,0.09743648105197483,0.06188201904296875,0.04837459988064236,0.0958251953125,0.0438232421875
0.4690619574652778,0.15625455644395617,0.15728717380099827,0.10211563110351562,0.06498040093315972,0.053180694580078125,0.102691650390625,0.0399169921875
0.4690619574652778,0.158620728386773,0.15754318237304688,0.10436842176649305,0.06138949924045139,0.0550935533311632,0.100250244140625,0.047119140625
0.4690619574652778,0.15517478519015843,0.15892410278320312,0.10544607374403211,0.057419670952690974,0.055286407470703125,0.1143646240234375,0.0374755859375
0.4690619574652778,0.1522453096177843,0.15513695610894096,0.10328759087456597,0.059252421061197914,0.0530946519639757,0.1019439697265625,0.04150390625
0.4690619574652778,0.15747928619384766,0.1496971978081597,0.09603987799750434,0.059900919596354164,0.05003017849392361,0.1087646484375,0.0404052734375
0.4690619574652778,0.15577591790093315,0.15494325425889757,0.10445213317871094,0.0616455078125,0.04935412936740451,0.0965423583984375,0.0455322265625
0.4690619574652778,0.15642833709716797,0.14947128295898438,0.10192786322699653,0.0680508083767361,0.04944398668077257,0.1158599853515625,0.048095703125
0.4690619574652778,0.15657329559326172,0.14494408501519096,0.10530641343858507,0.05623287624782986,0.046611785888671875,0.0912933349609375,0.0350341796875
0.4690619574652778,0.15622742970784506,0.15655899047851562,0.09783320956759983,0.06309424506293403,0.048333062065972224,0.10516357421875,0.041259765625
0.4690619574652778,0.15717930263943142,0.15671200222439235,0.10022078620062934,0.06618499755859375,0.047901153564453125,0.108154296875,0.0400390625
0.4690619574652778,0.15788247850206164,0.1670447455512153,0.0956433614095052,0.060990227593315974,0.05184131198459201,0.0978851318359375,0.032958984375
0.4690619574652778,0.1553005642361111,0.1495301988389757,0.1019804212782118,0.060190836588541664,0.046399434407552086,0.1086883544921875,0.034912109375
0.4690619574652778,0.15607992808024088,0.14623853895399305,0.09733433193630642,0.059995015462239586,0.04895824856228299,0.0971221923828125,0.04736328125
0.4690619574652778,0.15965260399712455,0.1541197035047743,0.10538164774576823,0.057412041558159724,0.04968134562174479,0.105743408203125,0.0372314453125
0.4690619574652778,0.15515899658203125,0.1532202826605903,0.10478231641981336,0.057131449381510414,0.0508681403266059,0.1039886474609375,0.0413818359375
0.4690619574652778,0.15567122565375435,0.16267776489257812,0.10402107238769531,0.06236436631944445,0.049826727973090276,0.1064453125,0.04150390625
0.4690619574652778,0.1554316414727105,0.15511025322808158,0.1031095716688368,0.0619659423828125,0.0506379869249132,0.1163177490234375,0.0377197265625
0.4690619574652778,0.15473461151123047,0.15987141927083334,0.10109371609157985,0.06351131863064235,0.04830805460611979,0.1064910888671875,0.0401611328125
0.4690619574652778,0.1562525431315104,0.15214665730794272,0.10056304931640625,0.0644285413953993,0.0482635498046875,0.11627197265625,0.0458984375
0.4690619574652778,0.1509159935845269,0.15939500596788195,0.09872182210286458,0.05781385633680555,0.04664654201931424,0.0967559814453125,0.0369873046875
0.4690619574652778,0.1558720270792643,0.17146682739257812,0.10767300923665364,0.05964999728732639,0.05063629150390625,0.1045684814453125,0.037841796875
0.4690619574652778,0.15322166019015843,0.1556031968858507,0.09972572326660156,0.0647735595703125,0.047740936279296875,0.104522705078125,0.0350341796875
0.4690619574652778,0.15293873680962455,0.14937125311957467,0.10036320156521267,0.06192186143663195,0.048813713921440974,0.1085968017578125,0.0413818359375
0.4690619574652778,0.16009796990288627,0.1551793416341146,0.10377671983506945,0.057098388671875,0.048357645670572914,0.101348876953125,0.0400390625
0.4690619574652778,0.15561230977376303,0.16098319159613717,0.09891170925564235,0.056174384223090276,0.0481614006890191,0.1004638671875,0.0413818359375
0.4690619574652778,0.1592593722873264,0.15203815036349827,0.10443136427137586,0.06260935465494792,0.04785029093424479,0.095062255859375,0.0439453125
0.4690619574652778,0.15479670630560982,0.15420150756835938,0.10320557488335504,0.0612089369032118,0.049775017632378474,0.1050262451171875,0.036865234375
0.4690619574652778,0.15787559085422093,0.15472030639648438,0.10133001539442274,0.05791473388671875,0.04686609903971354,0.093017578125,0.0328369140625
0.4690619574652778,0.1581956015692817,0.16193856133355033,0.10636753506130642,0.06093004014756945,0.04623752170138889,0.10614013671875,0.0362548828125
0.4690619574652778,0.1572321785820855,0.15265867445203993,0.0972256130642361,0.05987379286024305,0.052622477213541664,0.100128173828125,0.0291748046875
0.4690619574652778,0.15696599748399523,0.16341866387261283,0.09268972608778211,0.0607545640733507,0.04992039998372396,0.1121826171875,0.036376953125
0.4690619574652778,0.15732691023084852,0.16884485880533853,0.09696812099880642,0.061951531304253474,0.05657916598849826,0.10400390625,0.0443115234375
0.4690619574652778,0.15654775831434461,0.15662977430555555,0.09751171535915798,0.061119927300347224,0.047253926595052086,0.0969390869140625,0.0389404296875
0.4690619574652778,0.1529245376586914,0.15042283799913195,0.10313457912868923,0.055262247721354164,0.04953638712565104,0.1033172607421875,0.0439453125
0.4690619574652778,0.15179803636338976,0.15672090318467882,0.0978851318359375,0.060577392578125,0.04835086398654514,0.10107421875,0.0408935546875
0.4690619574652778,0.15284548865424263,0.16102388170030382,0.1008182101779514,0.057671440972222224,0.04871326022677951,0.0996246337890625,0.041259765625
0.4690619574652778,0.15523285335964626,0.15767669677734375,0.09832763671875,0.06242031521267361,0.04791980319552951,0.1005706787109375,0.0419921875
0.4690619574652778,0.15644656287299263,0.15126503838433158,0.09983995225694445,0.061341179741753474,0.05041461520724826,0.0960845947265625,0.0384521484375
0.4690619574652778,0.1586284637451172,0.15723080105251735,0.10398652818467882,0.05908372667100695,0.049091339111328125,0.1010589599609375,0.04052734375
0.4690619574652778,0.1560522715250651,0.14819971720377603,0.09819560580783421,0.05868106418185764,0.049434661865234375,0.1027984619140625,0.0455322265625
0.4690619574652778,0.1526648203531901,0.15797593858506945,0.10079913669162327,0.06172604031032986,0.047027587890625,0.09698486328125,0.0440673828125
0.4690619574652778,0.1545861562093099,0.1546876695421007,0.10319815741644965,0.05822584364149305,0.04735989040798611,0.108734130859375,0.0318603515625
0.4690619574652778,0.15400907728407118,0.1541112263997396,0.10227606031629774,0.05964321560329861,0.04921383327907986,0.1004180908203125,0.033935546875
0.4690619574652778,0.15371651119656032,0.15647082858615452,0.10312610202365452,0.06283315022786458,0.04631000094943576,0.0969085693359375,0.03369140625
0.4690619574652778,0.15521166059705946,0.15678490532769096,0.10867924160427517,0.055394490559895836,0.049235026041666664,0.100311279296875,0.0435791015625
0.4690619574652778,0.1554303699069553,0.15507041083441842,0.09684795803493923,0.06263817681206597,0.04590649074978299,0.1067352294921875,0.04296875
0.4690619574652778,0.14990838368733725,0.16019185384114584,0.10126368204752605,0.057473076714409724,0.04977586534288195,0.10333251953125,0.047119140625
0.4690619574652778,0.16017606523301867,0.15352630615234375,0.10193104214138454,0.060628255208333336,0.04798677232530382,0.1016387939453125,0.041259765625
0.4690619574652778,0.15611182318793404,0.1528447469075521,0.10407744513617621,0.0632290310329861,0.05362743801540799,0.111602783203125,0.0372314453125
0.4690619574652778,0.15393288930257162,0.16171222262912327,0.1015273200141059,0.06124114990234375,0.05216089884440104,0.099822998046875,0.043701171875
0.4690619574652778,0.1550326877170139,0.1593687269422743,0.10056156582302517,0.05743832058376736,0.0469606187608507,0.1018829345703125,0.041015625
0.4690619574652778,0.15318192376030815,0.15675989786783853,0.1007948981391059,0.061734517415364586,0.04484261406792535,0.110260009765625,0.0377197265625
0.4690619574652778,0.1596050262451172,0.1534542507595486,0.10103458828396267,0.0638792249891493,0.0441788567437066,0.1206512451171875,0.041748046875
0.4690619574652778,0.16110240088568795,0.1544308132595486,0.09797244601779515,0.05706024169921875,0.04716534084743924,0.087890625,0.038330078125
0.4690619574652778,0.15670299530029297,0.15603129069010416,0.10154554578993055,0.0607452392578125,0.04805119832356771,0.10919189453125,0.0379638671875
0.4690619574652778,0.1544264687432183,0.1557583279079861,0.10295995076497395,0.0523893568250868,0.04975848727756076,0.0960540771484375,0.03955078125
0.4690619574652778,0.1590423583984375,0.1504423353407118,0.10218323601616754,0.0573976304796007,0.048970540364583336,0.096527099609375,0.043212890625
0.4690619574652778,0.15968471103244358,0.15816031561957467,0.09878370496961805,0.0618743896484375,0.049015045166015625,0.1139373779296875,0.0377197265625
0.4690619574652778,0.1548175811767578,0.15256203545464408,0.10772662692599827,0.05735015869140625,0.04608790079752604,0.10845947265625,0.042236328125
0.4690619574652778,0.14869636959499782,0.15632587009006077,0.10151629977756077,0.05760531955295139,0.04921764797634549,0.1094818115234375,0.0382080078125
0.4690619574652778,0.16069539388020834,0.15903006659613717,0.09751722547743055,0.06138780381944445,0.045191446940104164,0.111541748046875,0.04541015625
0.4690619574652778,0.15715810987684461,0.15384674072265625,0.09657541910807292,0.061304728190104164,0.044586181640625,0.1071014404296875,0.04150390625
0.4690619574652778,0.1525168948703342,0.16068903605143228,0.09755516052246094,0.061818440755208336,0.046680450439453125,0.105194091796875,0.0303955078125
0.4690619574652778,0.15591473049587673,0.15211995442708334,0.09823417663574219,0.05766635470920139,0.04448742336697049,0.0992889404296875,0.0377197265625
0.4690619574652778,0.15252770317925346,0.15502548217773438,0.10316170586480035,0.05649227566189236,0.04617521497938368,0.1056671142578125,0.03466796875
0.4690619574652778,0.15615336100260416,0.1504491170247396,0.10347747802734375,0.059191385904947914,0.04504564073350695,0.113372802734375,0.0439453125
0.4690619574652778,0.1541629367404514,0.1643007066514757,0.09386550055609809,0.056891547309027776,0.045352935791015625,0.1104583740234375,0.0372314453125
0.4690619574652778,0.1551946004231771,0.15321858723958334,0.0955717298719618,0.061385260687934026,0.0453597174750434,0.1005859375,0.0352783203125
0.4690619574652778,0.14594523111979166,0.14675097995334202,0.09458160400390625,0.058420817057291664,0.046300252278645836,0.1104736328125,0.0413818359375
0.4690619574652778,0.15600437588161892,0.15924453735351562,0.09945487976074219,0.06399790445963542,0.04806391398111979,0.0981597900390625,0.0390625
0.4690619574652778,0.15739144219292533,0.16035037570529515,0.10034667121039496,0.06089952256944445,0.0449112786187066,0.0970916748046875,0.04150390625
0.4690619574652778,0.1549175050523546,0.16151343451605904,0.09973102145724827,0.05735015869140625,0.047358194986979164,0.103607177734375,0.0360107421875
0.4690619574652778,0.16206222110324436,0.15652423434787327,0.09765095180935329,0.06023830837673611,0.050179375542534724,0.112518310546875,0.0482177734375
0.4690619574652778,0.14929898579915366,0.16181564331054688,0.10171296861436632,0.057072957356770836,0.04407458835177951,0.10699462890625,0.0447998046875
0.4690619574652778,0.15194977654351127,0.15587149726019967,0.09729851616753472,0.06113433837890625,0.0448807610405816,0.1031341552734375,0.03662109375
0.4690619574652778,0.15629704793294272,0.15293078952365452,0.0982009039984809,0.06212192111545139,0.04460949367947049,0.10614013671875,0.03857421875
0.4690619574652778,0.15115928649902344,0.1580683390299479,0.10380872090657552,0.06179470486111111,0.046390533447265625,0.1185150146484375,0.037841796875
0.4690619574652778,0.15810012817382812,0.15370220608181423,0.10817527770996094,0.061731974283854164,0.0437528822157118,0.1125946044921875,0.0350341796875
0.4690619574652778,0.1548954645792643,0.1518164740668403,0.09822527567545573,0.058466593424479164,0.046230316162109375,0.1245269775390625,0.043212890625
0.4690619574652778,0.1571187973022461,0.15590540568033853,0.09987237718370226,0.052893744574652776,0.04897350735134549,0.1168212890625,0.036376953125
0.4690619574652778,0.1531826655069987,0.1458918253580729,0.09396637810601129,0.05923122829861111,0.043216705322265625,0.0970306396484375,0.0455322265625
0.4690619574652778,0.15652147928873697,0.1507178412543403,0.09611532423231336,0.05607774522569445,0.05017428927951389,0.0987091064453125,0.036376953125
0.4690619574652778,0.15112230512830946,0.15244632297092015,0.09607505798339844,0.06158277723524305,0.049825032552083336,0.1012115478515625,0.0435791015625
0.4690619574652778,0.1588726043701172,0.1484103732638889,0.09995926751030816,0.05793338351779514,0.04877514309353299,0.10986328125,0.0386962890625
0.4690619574652778,0.15454747941758898,0.1560033162434896,0.09998342725965711,0.060913933648003474,0.04641596476236979,0.105926513671875,0.0418701171875
0.4690619574652778,0.15738031599256727,0.1602808634440104,0.10287454393174914,0.05678134494357639,0.0506591796875,0.0966644287109375,0.036376953125
0.4690619574652778,0.15785206688774955,0.1521826850043403,0.10087394714355469,0.059670342339409724,0.04592471652560764,0.0971527099609375,0.0404052734375
0.4690619574652778,0.15313635932074654,0.1464140150282118,0.10243776109483507,0.058936225043402776,0.04504182603624132,0.095855712890625,0.033935546875
0.4690619574652778,0.15837298499213326,0.16279390123155382,0.10720401340060765,0.05118899875217014,0.04768541124131945,0.1026763916015625,0.04345703125
0.4690619574652778,0.15507528516981336,0.14311430189344618,0.10035260518391927,0.05696445041232639,0.0452058580186632,0.0931854248046875,0.0364990234375
0.4690619574652778,0.15590710110134548,0.15307998657226562,0.10214720831976996,0.051131354437934026,0.04479217529296875,0.1025390625,0.0374755859375
0.4690619574652778,0.15444405873616537,0.16083187527126735,0.1032396952311198,0.06305948893229167,0.047595977783203125,0.10113525390625,0.04052734375
0.4690619574652778,0.15467262268066406,0.15313805474175346,0.10133383009168836,0.05952114529079861,0.04512193467881945,0.1025238037109375,0.042236328125
0.4690619574652778,0.1555178960164388,0.15475506252712673,0.09343698289659289,0.05591583251953125,0.0450498792860243,0.0994110107421875,0.0374755859375
0.4690619574652778,0.1581193076239692,0.1827112833658854,0.10129102071126302,0.06473456488715278,0.04762479994032118,0.1094970703125,0.042236328125
0.4690619574652778,0.15745215945773655,0.19321823120117188,0.10542594061957465,0.06730397542317708,0.05009418063693576,0.1089019775390625,0.0361328125
0.4690619574652778,0.15903218587239584,0.19261889987521702,0.10570038689507379,0.06975809733072917,0.0512330796983507,0.1089324951171875,0.040283203125
0.4690619574652778,0.1596944597032335,0.19326612684461805,0.10665215386284722,0.06730482313368055,0.052559746636284724,0.1117706298828125,0.0401611328125
0.4690619574652778,0.15747716691758898,0.19353018866644967,0.10623253716362847,0.0695131089952257,0.05400254991319445,0.11053466796875,0.04541015625
0.4690619574652778,0.1607012218899197,0.19740380181206596,0.10991117689344618,0.069549560546875,0.05464299519856771,0.11053466796875,0.0396728515625
0.4690619574652778,0.1600251727634006,0.19854100545247397,0.10658052232530382,0.07027774386935765,0.05565431382921007,0.116058349609375,0.04541015625
0.4690619574652778,0.16117117140028211,0.19849014282226562,0.11165025499131945,0.06981913248697917,0.05744298299153646,0.1138458251953125,0.03662109375
0.4690619574652778,0.1591510772705078,0.20061153835720485,0.11235321892632379,0.0700649685329861,0.05716154310438368,0.1213226318359375,0.043212890625
0.4690619574652778,0.1583979924519857,0.1986906263563368,0.11446825663248698,0.07277764214409722,0.056702507866753474,0.11639404296875,0.0416259765625
0.4690619574652778,0.16002040439181858,0.19710244072808158,0.11609183417426215,0.07200198703342015,0.056491851806640625,0.117919921875,0.0423583984375
0.4690619574652778,0.1592762205335829,0.19902335272894967,0.11314095391167535,0.07345496283637153,0.056763543023003474,0.1240692138671875,0.04638671875
0.4690619574652778,0.15979025099012586,0.19817988077799478,0.11761411031087239,0.07521735297309028,0.05736414591471354,0.1202392578125,0.04638671875
0.4690619574652778,0.15963925255669487,0.20085949367947048,0.11767896016438802,0.0722927517361111,0.05832544962565104,0.1217498779296875,0.0416259765625
0.4690619574652778,0.15959368811713326,0.2007293701171875,0.11800024244520399,0.0716891818576389,0.058886210123697914,0.1220855712890625,0.042236328125
0.4690619574652778,0.15844249725341797,0.20547697279188368,0.11900435553656684,0.07334984673394097,0.05956310696072049,0.1266326904296875,0.03955078125
0.4690619574652778,0.15845881568060982,0.20189963446723092,0.11882209777832031,0.07197146945529515,0.0596360100640191,0.1229248046875,0.043212890625
0.4690619574652778,0.15909979078504774,0.20411470201280382,0.1157989501953125,0.07594553629557292,0.0593308342827691,0.12591552734375,0.03955078125
0.4690619574652778,0.15994252098931205,0.2024722629123264,0.11980671352810329,0.07463921440972222,0.0602065192328559,0.12567138671875,0.03955078125
0.4690619574652778,0.15996699863009983,0.1997443305121528,0.12246767679850261,0.0751096937391493,0.061191558837890625,0.1242218017578125,0.0408935546875
0.4690619574652778,0.1578630871242947,0.20453389485677084,0.11802758110894097,0.07490793863932292,0.06179936726888021,0.1301116943359375,0.0389404296875
0.4690619574652778,0.15968799591064453,0.20187928941514757,0.11980056762695312,0.0770814683702257,0.061023712158203125,0.1235198974609375,0.0394287109375
0.4690619574652778,0.15901650322808158,0.20696046617296007,0.1167343987358941,0.07419840494791667,0.061765034993489586,0.1269683837890625,0.0379638671875
0.4690619574652778,0.16026009453667533,0.20780181884765625,0.12197515699598524,0.0748808119032118,0.06131744384765625,0.132781982421875,0.0404052734375
0.4690619574652778,0.1602624257405599,0.20193523830837673,0.12298478020562066,0.07686954074435765,0.06241141425238715,0.1262969970703125,0.039306640625
0.4690619574652778,0.1610184775458442,0.2018517388237847,0.12053701612684461,0.0753724839952257,0.061588287353515625,0.1338958740234375,0.046630859375
0.4690619574652778,0.16046407487657335,0.20413759019639757,0.12317551506890191,0.07687208387586805,0.0613250732421875,0.1376190185546875,0.036865234375
0.4690619574652778,0.16011312272813585,0.20339330037434897,0.12450938754611546,0.07699754503038195,0.06241056654188368,0.131927490234375,0.0401611328125
0.4690619574652778,0.15989303588867188,0.20495986938476562,0.1241467793782552,0.0778291490342882,0.0632184346516927,0.13592529296875,0.0419921875
0.4690619574652778,0.15891382429334852,0.20697742038302952,0.12372186448838976,0.07681104871961805,0.06456417507595485,0.1322784423828125,0.042236328125
0.4690619574652778,0.15923786163330078,0.2051934136284722,0.12270143296983507,0.07918209499782985,0.06272972954644097,0.1350860595703125,0.044921875
0.4690619574652778,0.15883170233832467,0.20432535807291666,0.12470775180392796,0.07529110378689235,0.06435648600260417,0.1382598876953125,0.0433349609375
0.4690619574652778,0.15952417585584852,0.20501920912000868,0.12688891092936197,0.0788820054796007,0.06370247734917535,0.1354217529296875,0.0404052734375
0.4690619574652778,0.1601341035630968,0.20369127061631945,0.12705612182617188,0.0799314710828993,0.06385548909505208,0.1345367431640625,0.04052734375
0.4690619574652778,0.16060829162597656,0.20587793986002603,0.12606938680013022,0.07856580946180555,0.06496980455186632,0.13885498046875,0.0443115234375
0.4690619574652778,0.1581801308525933,0.20745044284396702,0.12630738152398002,0.07769605848524305,0.06490834554036458,0.142852783203125,0.042724609375
0.4690619574652778,0.15895409054226345,0.20566304524739584,0.12506188286675346,0.0791074964735243,0.06566831800672743,0.1384735107421875,0.045654296875
0.4690619574652778,0.15846464369032118,0.20656924777560765,0.12506484985351562,0.0770628187391493,0.06364271375868055,0.138458251953125,0.045166015625
0.4690619574652778,0.16026920742458767,0.20432917277018228,0.12630865308973524,0.07983567979600695,0.06444422403971355,0.1339111328125,0.03955078125
0.4690619574652778,0.16007275051540798,0.20622889200846353,0.12551773918999565,0.07819959852430555,0.06602266099717882,0.1405792236328125,0.0428466796875
0.4690619574652778,0.15991338094075522,0.20696724785698783,0.1232053968641493,0.08071390787760417,0.06470870971679688,0.1360931396484375,0.041259765625
0.4690619574652778,0.15863121880425346,0.20691002739800346,0.12680816650390625,0.07848273383246528,0.06529956393771702,0.1357574462890625,0.043212890625
0.4690619574652778,0.15963013966878256,0.20564185248480904,0.12530411614312065,0.0791414048936632,0.06483968098958333,0.13861083984375,0.040771484375
0.4690619574652778,0.1606286366780599,0.20311270819769967,0.12609418233235678,0.0777986314561632,0.0666703118218316,0.1392974853515625,0.0411376953125
0.4690619574652778,0.16024165683322483,0.2078611585828993,0.12636099921332467,0.0759243435329861,0.06479051378038195,0.1368560791015625,0.039794921875
0.4690619574652778,0.15994993845621744,0.21080822414822048,0.12750795152452257,0.07916514078776042,0.06567594740125868,0.1427154541015625,0.0416259765625
0.4690619574652778,0.16068988376193577,0.21052763197157118,0.12687322828504774,0.07964409722222222,0.06620576646592882,0.1410064697265625,0.0404052734375
0.4690619574652778,0.16082742479112414,0.20712322658962673,0.12558746337890625,0.0807435777452257,0.06713697645399305,0.141143798828125,0.0457763671875
0.4690619574652778,0.15989144643147787,0.20679770575629342,0.12567265828450522,0.07905324300130208,0.06511561075846355,0.1400146484375,0.0435791015625
0.4690619574652778,0.15983009338378906,0.20994101630316842,0.12867779201931423,0.0818693372938368,0.06585057576497395,0.141815185546875,0.0416259765625
0.4690619574652778,0.15983009338378906,0.20994737413194445,0.12867567274305555,0.08188629150390625,0.06580861409505208,0.141693115234375,0.04150390625
0.4690619574652778,0.15983009338378906,0.2099634806315104,0.12866655985514322,0.0817379421657986,0.06568018595377605,0.1413116455078125,0.0418701171875
0.4690619574652778,0.15983009338378906,0.2099702623155382,0.1287013159857856,0.08170572916666667,0.06582472059461805,0.1414794921875,0.041259765625
0.4690619574652778,0.15983009338378906,0.20997492472330728,0.1287451850043403,0.0818600124782986,0.06568272908528645,0.1415863037109375,0.04150390625
0.4690619574652778,0.15983009338378906,0.20998382568359375,0.12872823079427084,0.08191426595052083,0.06577640109592015,0.1417694091796875,0.0416259765625
0.4690619574652778,0.15983009338378906,0.20997746785481772,0.12873988681369358,0.08197869194878472,0.06575096978081597,0.1421051025390625,0.041748046875
0.4690619574652778,0.13539420233832467,0.13598166571723092,0.12382782830132379,0.11797078450520833,0.09147008260091145,0.1441802978515625,0.03564453125
0.4690619574652778,0.14757378896077475,0.13224156697591147,0.1200926038953993,0.1119935777452257,0.08502366807725695,0.124908447265625,0.0306396484375
0.4690619574652778,0.15090984768337673,0.13015196058485243,0.12906667921278211,0.11056433783637153,0.08660252888997395,0.11578369140625,0.0316162109375
0.4690619574652778,0.15379619598388672,0.12969504462348092,0.12169922722710504,0.09727647569444445,0.07847171359592015,0.1104736328125,0.0272216796875
0.4690619574652778,0.15569676293267143,0.14550272623697916,0.12626520792643228,0.109283447265625,0.07496812608506945,0.11273193359375,0.02587890625
0.4690619574652778,0.14892270829942492,0.1365754869249132,0.11106512281629774,0.1067598130967882,0.07385296291775173,0.106231689453125,0.0245361328125
0.4690619574652778,0.15553792317708334,0.13014305962456596,0.11194398668077257,0.09420945909288195,0.07961485120985243,0.1005401611328125,0.030029296875
0.4690619574652778,0.15344810485839844,0.14559215969509548,0.11614248487684461,0.10287729899088542,0.07597986857096355,0.105743408203125,0.038330078125
0.4690619574652778,0.14990255567762586,0.13297314114040798,0.10832108391655816,0.09555731879340278,0.06866285536024305,0.0995330810546875,0.0325927734375
0.4690619574652778,0.156818601820204,0.13642120361328125,0.11260096232096355,0.08627149793836805,0.06838353474934895,0.0935211181640625,0.0406494140625
0.4690619574652778,0.15541288587782118,0.14502716064453125,0.11021698845757379,0.0906829833984375,0.06574249267578125,0.0954437255859375,0.0372314453125
0.4690619574652778,0.15080875820583767,0.14201524522569445,0.11507797241210938,0.08725738525390625,0.06770367092556423,0.093017578125,0.035400390625
0.4690619574652778,0.155628416273329,0.1477847629123264,0.11279233296712239,0.08080885145399305,0.06717724270290798,0.0948486328125,0.038330078125
0.4690619574652778,0.15244971381293404,0.14997990926106772,0.10167948404947917,0.08461252848307292,0.059955596923828125,0.093231201171875,0.0396728515625
0.4690619574652778,0.15224859449598524,0.14347330729166666,0.10812399122450086,0.08309682210286458,0.06529405381944445,0.0936279296875,0.0390625
0.4690619574652778,0.15285714467366537,0.14928563435872397,0.10400581359863281,0.0853975084092882,0.06189685397677951,0.0962677001953125,0.0367431640625
0.4690619574652778,0.1541306177775065,0.15699895222981772,0.10660404629177517,0.0881559583875868,0.06407928466796875,0.0960845947265625,0.03515625
0.4690619574652778,0.15615261925591362,0.14889738294813368,0.10398483276367188,0.07970428466796875,0.06632147894965278,0.0891876220703125,0.0345458984375
0.4690619574652778,0.15250492095947266,0.14605797661675346,0.10431522793240017,0.08235931396484375,0.060932159423828125,0.088897705078125,0.0355224609375
0.4690619574652778,0.1477642059326172,0.14883719550238717,0.09999063279893664,0.0810334947374132,0.06002595689561632,0.1031646728515625,0.0386962890625
0.4690619574652778,0.1538627412584093,0.16185887654622397,0.10367012023925781,0.07898033989800347,0.06258010864257812,0.088653564453125,0.0311279296875
0.4690619574652778,0.15224997202555338,0.15735032823350695,0.10246531168619792,0.0762574937608507,0.060662163628472224,0.1006317138671875,0.036376953125
0.4690619574652778,0.15510241190592447,0.16177580091688368,0.10329882303873698,0.08292304144965278,0.058451334635416664,0.10565185546875,0.0330810546875
0.4690619574652778,0.15150070190429688,0.1549750434027778,0.09721204969618055,0.07724761962890625,0.059117635091145836,0.09686279296875,0.03515625
0.4690619574652778,0.15160613589816624,0.15734100341796875,0.09957101609971789,0.07354058159722222,0.058812459309895836,0.095672607421875,0.03955078125
0.4690619574652778,0.1564567353990343,0.15540864732530382,0.10639699300130208,0.07580142550998265,0.056090460883246526,0.0998382568359375,0.040283203125
0.4690619574652778,0.15676498413085938,0.14507632785373265,0.10531065199110243,0.07849375406901042,0.06172010633680555,0.0968475341796875,0.048828125
0.4690619574652778,0.15749730004204643,0.15916230943467882,0.1039581298828125,0.07950676812065972,0.05632358127170139,0.0965576171875,0.03759765625
0.4690619574652778,0.15825430552164713,0.1555294460720486,0.09922620985243055,0.07661607530381945,0.0587158203125,0.0941009521484375,0.0426025390625
0.4690619574652778,0.15142154693603516,0.1616338094075521,0.10204908582899305,0.0768856472439236,0.0630505879720052,0.08953857421875,0.0477294921875
0.4690619574652778,0.13539420233832467,0.13598166571723092,0.12382782830132379,0.11797078450520833,0.09147008260091145,0.1441802978515625,0.03564453125
0.4690619574652778,0.14757378896077475,0.13224156697591147,0.1200926038953993,0.1119935777452257,0.08502366807725695,0.124908447265625,0.0306396484375
0.4690619574652778,0.15090984768337673,0.13015196058485243,0.12906667921278211,0.11056433783637153,0.08660252888997395,0.11578369140625,0.0316162109375
0.4690619574652778,0.15379619598388672,0.12969504462348092,0.12169922722710504,0.09727647569444445,0.07847171359592015,0.1104736328125,0.0272216796875
0.4690619574652778,0.15569676293267143,0.14550272623697916,0.12626520792643228,0.109283447265625,0.07496812608506945,0.11273193359375,0.02587890625
0.4690619574652778,0.14892270829942492,0.1365754869249132,0.11106512281629774,0.1067598130967882,0.07385296291775173,0.106231689453125,0.0245361328125
0.4690619574652778,0.15553792317708334,0.13014305962456596,0.11194398668077257,0.09420945909288195,0.07961485120985243,0.1005401611328125,0.030029296875
0.4690619574652778,0.15344810485839844,0.14559215969509548,0.11614248487684461,0.10287729899088542,0.07597986857096355,0.105743408203125,0.038330078125
0.4690619574652778,0.14990255567762586,0.13297314114040798,0.10832108391655816,0.09555731879340278,0.06866285536024305,0.0995330810546875,0.0325927734375
0.4690619574652778,0.156818601820204,0.13642120361328125,0.11260096232096355,0.08627149793836805,0.06838353474934895,0.0935211181640625,0.0406494140625
0.4690619574652778,0.15541288587782118,0.14502716064453125,0.11021698845757379,0.0906829833984375,0.06574249267578125,0.0954437255859375,0.0372314453125
0.4690619574652778,0.15080875820583767,0.14201524522569445,0.11507797241210938,0.08725738525390625,0.06770367092556423,0.093017578125,0.035400390625
0.4690619574652778,0.155628416273329,0.1477847629123264,0.11279233296712239,0.08080885145399305,0.06717724270290798,0.0948486328125,0.038330078125
0.4690619574652778,0.15244971381293404,0.14997990926106772,0.10167948404947917,0.08461252848307292,0.059955596923828125,0.093231201171875,0.0396728515625
0.4690619574652778,0.15224859449598524,0.14347330729166666,0.10812399122450086,0.08309682210286458,0.06529405381944445,0.0936279296875,0.0390625
0.4690619574652778,0.15285714467366537,0.14928563435872397,0.10400581359863281,0.0853975084092882,0.06189685397677951,0.0962677001953125,0.0367431640625
0.4690619574652778,0.1541306177775065,0.15699895222981772,0.10660404629177517,0.0881559583875868,0.06407928466796875,0.0960845947265625,0.03515625
0.4690619574652778,0.15615261925591362,0.14889738294813368,0.10398483276367188,0.07970428466796875,0.06632147894965278,0.0891876220703125,0.0345458984375
0.4690619574652778,0.15250492095947266,0.14605797661675346,0.10431522793240017,0.08235931396484375,0.060932159423828125,0.088897705078125,0.0355224609375
0.4690619574652778,0.1477642059326172,0.14883719550238717,0.09999063279893664,0.0810334947374132,0.06002595689561632,0.1031646728515625,0.0386962890625
0.4690619574652778,0.1538627412584093,0.16185887654622397,0.10367012023925781,0.07898033989800347,0.06258010864257812,0.088653564453125,0.0311279296875
0.4690619574652778,0.15224997202555338,0.15735032823350695,0.10246531168619792,0.0762574937608507,0.060662163628472224,0.1006317138671875,0.036376953125
0.4690619574652778,0.15510241190592447,0.16177580091688368,0.10329882303873698,0.08292304144965278,0.058451334635416664,0.10565185546875,0.0330810546875
0.4690619574652778,0.15150070190429688,0.1549750434027778,0.09721204969618055,0.07724761962890625,0.059117635091145836,0.09686279296875,0.03515625
0.4690619574652778,0.15160613589816624,0.15734100341796875,0.09957101609971789,0.07354058159722222,0.058812459309895836,0.095672607421875,0.03955078125
0.4690619574652778,0.1564567353990343,0.15540864732530382,0.10639699300130208,0.07580142550998265,0.056090460883246526,0.0998382568359375,0.040283203125
0.4690619574652778,0.15951951344807944,0.1536017523871528,0.10361247592502171,0.0743594699435764,0.0618438720703125,0.1033172607421875,0.047119140625
0.4690619574652778,0.15809747907850477,0.15464401245117188,0.10347768995496961,0.07867431640625,0.059224446614583336,0.095123291015625,0.0401611328125
0.4690619574652778,0.155993037753635,0.15591345893012154,0.1000705295138889,0.07227918836805555,0.05864757961697049,0.088592529296875,0.033935546875
0.4690619574652778,0.15232043796115452,0.15961922539605033,0.10768296983506945,0.07373470730251735,0.0583084954155816,0.0982208251953125,0.0447998046875
0.4690619574652778,0.15468724568684897,0.1512688530815972,0.10881784227159289,0.07531653510199653,0.05942747328016493,0.0996246337890625,0.0391845703125
0.4690619574652778,0.15673001607259116,0.1481653849283854,0.10294956631130642,0.07329050699869792,0.054335700141059026,0.09149169921875,0.031494140625
0.4690619574652778,0.15643289354112414,0.15705151028103298,0.10968293084038629,0.0771603054470486,0.06048456827799479,0.1042022705078125,0.0416259765625
0.4690619574652778,0.1551987330118815,0.16579776340060765,0.10203933715820312,0.07911936442057292,0.05661816067165799,0.097869873046875,0.0452880859375
0.4690619574652778,0.15788385603162977,0.16784583197699654,0.10572242736816406,0.07805633544921875,0.06087960137261285,0.1029510498046875,0.0426025390625
0.4690619574652778,0.15513939327663845,0.16236326429578993,0.10040961371527778,0.07209693060980903,0.05765957302517361,0.104461669921875,0.041259765625
0.4690619574652778,0.15216890970865884,0.15262858072916666,0.10703870985243055,0.0761074490017361,0.05410597059461805,0.0945892333984375,0.0390625
0.4690619574652778,0.15084012349446616,0.15845192803276908,0.11153284708658855,0.07826063368055555,0.0575455559624566,0.0913848876953125,0.0408935546875
0.4690619574652778,0.15650134616427952,0.16157913208007812,0.10694736904568142,0.0747926500108507,0.05473370022243924,0.092071533203125,0.0408935546875
0.4690619574652778,0.1519407696194119,0.15906821356879342,0.10815493265787761,0.07654571533203125,0.06112798055013021,0.095672607421875,0.040283203125
0.4690619574652778,0.15469582875569662,0.14812215169270834,0.1058315700954861,0.06917487250434028,0.05477099948459201,0.0981597900390625,0.0399169921875
0.4690619574652778,0.14984618292914498,0.15371195475260416,0.10178354051378039,0.07213338216145833,0.056935628255208336,0.09442138671875,0.0469970703125
0.4690619574652778,0.15852864583333334,0.1569459703233507,0.10585742526584202,0.07938469780815972,0.05251354641384549,0.1068878173828125,0.041259765625
0.4690619574652778,0.15760040283203125,0.17868932088216147,0.1096755133734809,0.07547505696614583,0.05721325344509549,0.1067047119140625,0.0426025390625
0.4690619574652778,0.15636889139811197,0.15176857842339408,0.11168225606282552,0.07008870442708333,0.057048797607421875,0.0915679931640625,0.0430908203125
0.4690619574652778,0.1524667739868164,0.15614361233181423,0.10178523593478733,0.07328711615668403,0.05602984958224826,0.1022186279296875,0.0396728515625
0.4690619574652778,0.1566502253214518,0.16699769761827257,0.10840649074978298,0.06849246554904515,0.05297215779622396,0.0928497314453125,0.0343017578125
0.4690619574652778,0.15864170922173393,0.16624026828342015,0.09963671366373698,0.06775919596354167,0.05266994900173611,0.1056671142578125,0.0499267578125
0.4690619574652778,0.16075844234890407,0.1644159952799479,0.11288367377387153,0.0691892835828993,0.0545149909125434,0.1001129150390625,0.0418701171875
0.4690619574652778,0.15653610229492188,0.16239632500542533,0.10908932156032985,0.0760133531358507,0.05155902438693576,0.10345458984375,0.032470703125
0.4690619574652778,0.1574053234524197,0.1585362752278646,0.10528331332736546,0.0724148220486111,0.0551605224609375,0.0995025634765625,0.04345703125
0.4690619574652778,0.15752251942952475,0.1547054714626736,0.1071484883626302,0.0725860595703125,0.055907355414496526,0.1013641357421875,0.0477294921875
0.4690619574652778,0.15774154663085938,0.15562227037217882,0.11186620924207899,0.0677244398328993,0.05310185750325521,0.0923004150390625,0.043701171875
0.4690619574652778,0.15802086724175346,0.16321818033854166,0.10982195536295573,0.07478247748480903,0.052977667914496526,0.0968017578125,0.0445556640625
0.4690619574652778,0.1528317133585612,0.17092132568359375,0.1078643798828125,0.0734829372829861,0.05479388766818576,0.103302001953125,0.03369140625
0.4690619574652778,0.160204463534885,0.1640777587890625,0.10756111145019531,0.07203420003255208,0.053803337944878474,0.1031646728515625,0.040283203125
0.4690619574652778,0.15558507707383898,0.15975146823459202,0.10642030504014757,0.0726530287000868,0.056122673882378474,0.10546875,0.0372314453125
0.4690619574652778,0.15177991655137804,0.16542773776584202,0.11186027526855469,0.0719451904296875,0.06026034884982639,0.0871124267578125,0.0374755859375
0.4690619574652778,0.16011026170518664,0.16593975490993923,0.10530069139268664,0.07083384195963542,0.05599424574110243,0.0982818603515625,0.0396728515625
0.4690619574652778,0.15941333770751953,0.16858715481228298,0.10765393575032552,0.06693776448567708,0.05725521511501736,0.101654052734375,0.0411376953125
0.4690619574652778,0.15533595614963108,0.16300159030490452,0.11098141140407985,0.06446923149956597,0.056429545084635414,0.1008758544921875,0.0382080078125
0.4690619574652778,0.15467558966742623,0.15866004096137154,0.10093328687879774,0.07101525200737847,0.05245251125759549,0.10003662109375,0.0325927734375
0.4690619574652778,0.16056813134087455,0.1629909939236111,0.11518075731065539,0.06554412841796875,0.05841233995225695,0.0988616943359375,0.032958984375
0.4690619574652778,0.15483262803819445,0.16388363308376735,0.10612678527832031,0.06645287407769097,0.05311372545030382,0.099365234375,0.03759765625
0.4690619574652778,0.15764808654785156,0.15707312689887154,0.10889328850640191,0.06509229871961805,0.05446412828233507,0.1008453369140625,0.044677734375
0.4690619574652778,0.15323416392008463,0.1662360297309028,0.10006523132324219,0.06906551784939235,0.049096001519097224,0.09490966796875,0.0374755859375
0.4690619574652778,0.15200911627875435,0.1547334459092882,0.09937731424967448,0.07312859429253472,0.05145136515299479,0.0939788818359375,0.0399169921875
0.4690619574652778,0.15185409122043186,0.14956622653537327,0.10376675923665364,0.06738535563151042,0.0533540513780382,0.1044464111328125,0.0400390625
0.4690619574652778,0.1457675298055013,0.1555565728081597,0.10240279303656684,0.06265004475911458,0.051943461100260414,0.093536376953125,0.0462646484375
0.4690619574652778,0.15796004401312935,0.15919537014431423,0.09967337714301215,0.06413014729817708,0.04521306355794271,0.102264404296875,0.0372314453125
0.4690619574652778,0.15140713585747612,0.15973112318250868,0.10388882954915364,0.06732601589626735,0.05259577433268229,0.1082763671875,0.0413818359375
0.4690619574652778,0.15567249721950954,0.15421422322591147,0.10457166035970052,0.0753665500217014,0.05199432373046875,0.0994110107421875,0.0438232421875
0.4690619574652778,0.15310743119981554,0.1563805474175347,0.10264693366156684,0.07046000162760417,0.04803509182400174,0.093780517578125,0.04541015625
0.4690619574652778,0.1563465330335829,0.14757241143120658,0.10264523824055989,0.06437598334418403,0.05166583591037326,0.0999908447265625,0.037841796875
0.4690619574652778,0.15485201941596138,0.14955690171983507,0.09589110480414496,0.058588663736979164,0.05291917588975695,0.0954132080078125,0.044677734375
0.4690619574652778,0.1613772710164388,0.15412394205729166,0.10451465182834202,0.06540595160590278,0.05236095852322049,0.10723876953125,0.038818359375
0.4690619574652778,0.1513422860039605,0.15472878350151908,0.10557577345106336,0.0671047634548611,0.052190144856770836,0.108062744140625,0.0357666015625
0.4690619574652778,0.15555169847276476,0.16271845499674478,0.10316191779242621,0.06526862250434028,0.049130757649739586,0.0952301025390625,0.042724609375
0.4690619574652778,0.15642049577501085,0.1562830607096354,0.10662990146213108,0.0637393527560764,0.0548188951280382,0.098907470703125,0.035888671875
0.4690619574652778,0.15524461534288195,0.15671157836914062,0.10180240207248265,0.0592710706922743,0.05332607693142361,0.10302734375,0.042724609375
0.4690619574652778,0.15171358320448133,0.1561703152126736,0.09677441914876302,0.06063673231336805,0.0529585944281684,0.099456787109375,0.03857421875
0.4690619574652778,0.15828662448459202,0.15534930759006077,0.10300403171115452,0.0626068115234375,0.05359013875325521,0.1051177978515625,0.0423583984375
0.4690619574652778,0.15550539228651258,0.1727778116861979,0.09913910759819879,0.06367238362630208,0.05501090155707465,0.1039276123046875,0.039794921875
0.4690619574652778,0.15672779083251953,0.1571595933702257,0.10316954718695746,0.060084025065104164,0.0499314202202691,0.0987091064453125,0.0372314453125
0.4690619574652778,0.15365187327067056,0.15132904052734375,0.10307015313042535,0.06641303168402778,0.0517120361328125,0.0999908447265625,0.0411376953125
0.4690619574652778,0.15688970353868273,0.1570824517144097,0.10022947523328993,0.067962646484375,0.05199008517795139,0.108978271484375,0.0380859375
0.4690619574652778,0.15426211886935765,0.15266376071506077,0.10385089450412327,0.06183200412326389,0.053118387858072914,0.098602294921875,0.041259765625
0.4690619574652778,0.1546434826321072,0.15058941311306423,0.1034486558702257,0.06097751193576389,0.05075030856662326,0.1007843017578125,0.040283203125
0.4690619574652778,0.1555328369140625,0.1541349622938368,0.10255622863769531,0.06427849663628472,0.05154122246636285,0.1006622314453125,0.0406494140625
0.4690619574652778,0.15858692593044704,0.15425491333007812,0.10678248935275608,0.062470330132378474,0.057326422797309026,0.1034088134765625,0.0458984375
0.4690619574652778,0.1556446287367079,0.14581595526801217,0.10018306308322483,0.0651033189561632,0.05140813191731771,0.1040496826171875,0.0440673828125
0.4690619574652778,0.15450223286946616,0.1532838609483507,0.10374704996744792,0.058581034342447914,0.05341551038953993,0.0985565185546875,0.0367431640625
0.4690619574652778,0.16076988644070095,0.1692598130967882,0.1052186754014757,0.06309339735243055,0.04818089803059896,0.0967864990234375,0.0430908203125
0.4690619574652778,0.160265498691135,0.1601104736328125,0.0996869405110677,0.06938340928819445,0.05100970798068576,0.10443115234375,0.0394287109375
0.4690619574652778,0.15302424960666233,0.15197033352322048,0.104583740234375,0.05999332004123264,0.052775065104166664,0.1084747314453125,0.040283203125
0.4690619574652778,0.15422280629475912,0.16549301147460938,0.10765647888183594,0.06419203016493055,0.05160225762261285,0.108917236328125,0.0360107421875
0.4690619574652778,0.15602578057183158,0.15326563517252603,0.09851731194390191,0.0659942626953125,0.05483203464084201,0.10198974609375,0.0413818359375
0.4690619574652778,0.15237723456488717,0.14510303073459202,0.09851710001627605,0.061022440592447914,0.04850641886393229,0.097442626953125,0.040283203125
0.4690619574652778,0.15545007917616102,0.1556421915690104,0.10406345791286892,0.06349945068359375,0.05148188273111979,0.1022186279296875,0.0380859375
0.4690619574652778,0.16074816385904947,0.16276931762695312,0.10338211059570312,0.06368594699435765,0.05512364705403646,0.100006103515625,0.0362548828125
0.4690619574652778,0.152668211195204,0.15371916029188368,0.10810152689615886,0.057000054253472224,0.0531217787000868,0.1059417724609375,0.0360107421875
0.4690619574652778,0.1576986312866211,0.15610207451714408,0.09619628058539496,0.059838189019097224,0.0507414076063368,0.1010894775390625,0.0400390625
0.4690619574652778,0.15678702460394967,0.16553624471028647,0.09542592366536458,0.06597391764322917,0.050877888997395836,0.1059112548828125,0.0477294921875
0.4690619574652778,0.16132450103759766,0.15683958265516493,0.10887675815158421,0.06655120849609375,0.05005603366427951,0.092620849609375,0.0411376953125
0.4690619574652778,0.15441513061523438,0.15334320068359375,0.09798537360297309,0.06424628363715278,0.04922782050238715,0.10528564453125,0.0372314453125
0.4690619574652778,0.15472963121202257,0.16863250732421875,0.0994661119249132,0.06166415744357639,0.047715081108940974,0.106292724609375,0.0465087890625
0.4690619574652778,0.1589829126993815,0.1489173041449653,0.09959623548719618,0.06301201714409722,0.05340449015299479,0.100982666015625,0.0369873046875
0.4690619574652778,0.16089884440104166,0.16071319580078125,0.09881994459364149,0.059439765082465276,0.05585437350802951,0.1040496826171875,0.0411376953125
0.4690619574652778,0.15544414520263672,0.15547053019205728,0.10179816351996528,0.056063334147135414,0.05262544420030382,0.107086181640625,0.0357666015625
0.4690619574652778,0.1545893351236979,0.1586642795138889,0.10087500678168403,0.059973822699652776,0.04893154568142361,0.1034393310546875,0.04541015625
0.4690619574652778,0.15456697675916883,0.1587312486436632,0.09588940938313802,0.05963304307725695,0.051378885904947914,0.1100311279296875,0.041015625
0.4690619574652778,0.15675565931532118,0.15019607543945312,0.10853979322645399,0.05872938368055555,0.050975799560546875,0.0935516357421875,0.037353515625
0.4690619574652778,0.15857537587483725,0.1542078653971354,0.10578876071506077,0.06542799207899305,0.04606967502170139,0.1106109619140625,0.04052734375
0.4690619574652778,0.1577612559000651,0.1541069878472222,0.1021622551812066,0.059725443522135414,0.05153104994032118,0.10797119140625,0.0438232421875
0.4690619574652778,0.15866300794813368,0.15244166056315103,0.09718767801920573,0.0630459255642361,0.04696019490559896,0.1202392578125,0.042724609375
0.4690619574652778,0.15429242451985678,0.15734397040473092,0.09578620062934028,0.0677702162000868,0.04663425021701389,0.102569580078125,0.0390625
0.4690619574652778,0.15138477749294704,0.1653594970703125,0.10067219204372829,0.059577094184027776,0.047318352593315974,0.090240478515625,0.045654296875
0.4690619574652778,0.15970653957790798,0.14888381958007812,0.09987492031521267,0.0599153306749132,0.0476133558485243,0.1006011962890625,0.0355224609375
0.4690619574652778,0.15504010518391928,0.15661239624023438,0.09815258449978298,0.061208089192708336,0.04588529798719618,0.100067138671875,0.039794921875
0.4690619574652778,0.1550682915581597,0.1595425075954861,0.09985245598687066,0.064239501953125,0.0486356947157118,0.1042327880859375,0.039306640625
0.4690619574652778,0.15384727054172093,0.1524988810221354,0.09813478257921007,0.05853101942274305,0.05163531833224826,0.1027374267578125,0.039306640625
0.4690619574652778,0.1590230729844835,0.15689171685112846,0.10061327616373698,0.06528811984592015,0.047170003255208336,0.0975189208984375,0.043212890625
0.4690619574652778,0.145059691535102,0.15919918484157985,0.09982109069824219,0.060816446940104164,0.048422919379340276,0.1061553955078125,0.03515625
0.4690619574652778,0.1564549340142144,0.16026941935221353,0.10663795471191406,0.0588133070203993,0.05275514390733507,0.100067138671875,0.0421142578125
0.4690619574652778,0.15876123640272352,0.15782207912868923,0.10077455308702257,0.06274244520399305,0.050104777018229164,0.1071624755859375,0.042236328125
0.4690619574652778,0.15358479817708334,0.15862528483072916,0.09529791937934028,0.058777703179253474,0.04555638631184896,0.09710693359375,0.033203125
0.4690619574652778,0.15858258141411674,0.16335890028211805,0.0978592766655816,0.05999925401475695,0.047606574164496526,0.0999755859375,0.033935546875
0.4690619574652778,0.15154817369249132,0.1507602267795139,0.09964688618977864,0.0587709214952257,0.047581990559895836,0.097320556640625,0.04052734375
0.4690619574652778,0.15712345971001518,0.15252219306098092,0.10293303595648871,0.061789618598090276,0.050628662109375,0.1060943603515625,0.0340576171875
0.4690619574652778,0.15458658006456164,0.14669036865234375,0.09961975945366754,0.057863871256510414,0.047690497504340276,0.0939788818359375,0.0382080078125
0.4690619574652778,0.15512371063232422,0.15260103013780382,0.10378392537434895,0.060267130533854164,0.04606331719292535,0.1051025390625,0.034912109375
0.4690619574652778,0.16195593939887154,0.15622244940863717,0.10010782877604167,0.05807918972439236,0.046715630425347224,0.093994140625,0.037353515625
0.4690619574652778,0.15740818447536892,0.15552393595377603,0.10173458523220485,0.05891248914930555,0.04975085788302951,0.1023101806640625,0.0418701171875
0.4690619574652778,0.15294085608588326,0.15223566691080728,0.10272725423177083,0.057713826497395836,0.04814487033420139,0.0975189208984375,0.035400390625
0.4690619574652778,0.16261185540093315,0.15399000379774305,0.10937754313151042,0.0583555433485243,0.04770067003038195,0.1014862060546875,0.0374755859375
0.4690619574652778,0.15994029574924046,0.14771864149305555,0.09840287102593316,0.0596220228407118,0.05157767401801215,0.108489990234375,0.0389404296875
0.4690619574652778,0.15532366434733072,0.15781953599717882,0.09640015496148004,0.059304131401909724,0.05156114366319445,0.111083984375,0.0357666015625
0.4690619574652778,0.15858311123318142,0.15783606635199654,0.09976471794976129,0.05929395887586805,0.04972627427842882,0.102203369140625,0.0380859375
0.4690619574652778,0.1535906261867947,0.15379036797417533,0.10302035013834636,0.059107462565104164,0.04795201619466146,0.08563232421875,0.0379638671875
0.4690619574652778,0.15426900651719835,0.1605402628580729,0.09419907463921441,0.05927615695529514,0.047118292914496526,0.11181640625,0.043212890625
0.4690619574652778,0.1580028533935547,0.16476991441514757,0.1006257798936632,0.060326470269097224,0.0476743910047743,0.10382080078125,0.0401611328125
0.4690619574652778,0.15837266710069445,0.1523615519205729,0.10082117716471355,0.05949740939670139,0.0468690660264757,0.1004180908203125,0.03759765625
0.4690619574652778,0.15697818332248265,0.1575469970703125,0.10464392768012153,0.05772060818142361,0.04753833346896701,0.11102294921875,0.0413818359375
0.4690619574652778,0.15468947092692056,0.15144729614257812,0.10265668233235677,0.05708652072482639,0.04706785413953993,0.088287353515625,0.03857421875
0.4690619574652778,0.1583314471774631,0.15182961357964408,0.10212728712293836,0.06044345431857639,0.04838604397243924,0.1066436767578125,0.0341796875
0.4690619574652778,0.1528463363647461,0.1484502156575521,0.09768146938747829,0.055007086859809026,0.049347771538628474,0.105010986328125,0.040771484375
0.4690619574652778,0.1470524470011393,0.15537982516818577,0.09776624043782552,0.055974324544270836,0.04696867201063368,0.0989227294921875,0.0400390625
0.4690619574652778,0.15237797631157768,0.14969635009765625,0.10419315761990017,0.0564939710828993,0.0514784918891059,0.1085205078125,0.0360107421875
0.4690619574652778,0.1508842044406467,0.16622628106011283,0.09786690606011285,0.06269412570529515,0.04709413316514757,0.0977935791015625,0.0362548828125
0.4690619574652778,0.1529783672756619,0.15288204616970485,0.10111109415690105,0.05842420789930555,0.04964913262261285,0.10302734375,0.033935546875
0.4690619574652778,0.1550691392686632,0.1614803738064236,0.10291756523980035,0.05284288194444445,0.051849365234375,0.114837646484375,0.045654296875
0.4690619574652778,0.15467262268066406,0.16519080268012154,0.10043377346462673,0.05617862277560764,0.049065483940972224,0.1030426025390625,0.0443115234375
0.4690619574652778,0.15565352969699436,0.15511576334635416,0.09689055548773871,0.057856241861979164,0.0470839606391059,0.104705810546875,0.0447998046875
0.4690619574652778,0.15962696075439453,0.1593449910481771,0.10185305277506511,0.06180148654513889,0.04998991224500868,0.1094512939453125,0.04150390625
0.4690619574652778,0.15912405649820963,0.15728717380099827,0.10030131869845921,0.06126827663845486,0.05222786797417535,0.100799560546875,0.0361328125
0.4690619574652778,0.1610393524169922,0.16151852077907985,0.10062005784776476,0.060324774848090276,0.05066087510850695,0.099090576171875,0.04052734375
0.4690619574652778,0.1483440399169922,0.15011045667860243,0.0987866719563802,0.055945502387152776,0.04701868693033854,0.0941925048828125,0.04052734375
0.4690619574652778,0.1544432110256619,0.14572313096788195,0.10021442837185329,0.06034511990017361,0.04730224609375,0.11138916015625,0.047119140625
0.4690619574652778,0.15661440955268013,0.16466649373372397,0.09792688157823351,0.060740152994791664,0.04788928561740451,0.1054534912109375,0.03564453125
0.4690619574652778,0.16209612952338326,0.15868716769748265,0.10289234585232204,0.056061638726128474,0.04869121975368924,0.1027679443359375,0.0404052734375
0.4690619574652778,0.15813753339979383,0.15783309936523438,0.10549990336100261,0.059279547797309026,0.04651514689127604,0.0932464599609375,0.04248046875
0.4690619574652778,0.15498277876112196,0.16344409518771702,0.09656143188476562,0.056012471516927086,0.04781977335611979,0.1028289794921875,0.0404052734375
0.4690619574652778,0.16074763403998482,0.1503668891059028,0.10111088222927517,0.059626261393229164,0.04771847195095486,0.105194091796875,0.0394287109375
0.4690619574652778,0.1569755342271593,0.16409937540690103,0.09648895263671875,0.060516357421875,0.047364128960503474,0.10791015625,0.0418701171875
0.4690619574652778,0.15989769829644096,0.1538781060112847,0.10515191819932726,0.0545289781358507,0.04835171169704861,0.1082763671875,0.044677734375
0.4690619574652778,0.15152337816026476,0.1664462619357639,0.09297074211968316,0.057856241861979164,0.04573271009657118,0.1174468994140625,0.0418701171875
0.4690619574652778,0.16037909189860025,0.1607886420355903,0.0980928209092882,0.06290351019965278,0.04725604587131076,0.10748291015625,0.0361328125
0.4690619574652778,0.15716340806749132,0.15496868557400173,0.09827550252278645,0.061127556694878474,0.04447767469618055,0.1020355224609375,0.037109375
0.4690619574652778,0.15068933698866102,0.1649381849500868,0.09724807739257812,0.057299296061197914,0.04761844211154514,0.1106109619140625,0.0328369140625
0.4690619574652778,0.1524203618367513,0.14472791883680555,0.09697320726182726,0.05614810519748264,0.04936006334092882,0.1053314208984375,0.029296875
0.4690619574652778,0.15829266442192924,0.15850702921549478,0.09769948323567708,0.060300191243489586,0.047365824381510414,0.1033782958984375,0.0303955078125
0.4690619574652778,0.16170957353379992,0.15936491224500868,0.10185072157118055,0.06451246473524305,0.0453139411078559,0.0999298095703125,0.0343017578125
0.4690619574652778,0.15442011091444227,0.15869522094726562,0.10131051805284289,0.0563905504014757,0.04228549533420139,0.1103668212890625,0.0340576171875
0.4690619574652778,0.15420765346950954,0.15787972344292533,0.10053804185655382,0.06020355224609375,0.04891204833984375,0.108917236328125,0.02978515625
0.4690619574652778,0.1537043253580729,0.15778605143229166,0.10263082716200086,0.057944403754340276,0.04917017618815104,0.1013641357421875,0.0438232421875
0.4690619574652778,0.1486580106947157,0.15486865573459202,0.10145420498318142,0.05859544542100695,0.04770660400390625,0.1019287109375,0.03515625
0.4690619574652778,0.15758419036865234,0.16704347398546007,0.10045984056260851,0.06454213460286458,0.04808680216471354,0.1099700927734375,0.0399169921875
0.4690619574652778,0.1521755854288737,0.1489079793294271,0.10483233133951823,0.061531914605034724,0.046715630425347224,0.103729248046875,0.0411376953125
0.4690619574652778,0.15584680769178602,0.16851933797200522,0.10160806443956164,0.06248304578993055,0.048575507269965276,0.108428955078125,0.047607421875
0.4690619574652778,0.1575871573554145,0.1575809054904514,0.09828885396321614,0.0611936781141493,0.047856648763020836,0.108184814453125,0.0419921875
0.4690619574652778,0.1578581068250868,0.15540779961480033,0.1046176486545139,0.059003194173177086,0.04531733194986979,0.0985870361328125,0.0291748046875
0.4690619574652778,0.15321148766411674,0.15005026923285592,0.09965260823567708,0.05850050184461805,0.04628880818684896,0.100250244140625,0.0367431640625
0.4690619574652778,0.1541579564412435,0.15646235148111978,0.09873241848415798,0.06288062201605903,0.04568311903211805,0.1076202392578125,0.0394287109375
0.4690619574652778,0.1589909659491645,0.16035334269205728,0.09523730807834202,0.05996280246310764,0.0476485358344184,0.100738525390625,0.04345703125
0.4690619574652778,0.15510940551757812,0.1550572713216146,0.09933174981011285,0.061241997612847224,0.0469712151421441,0.1128997802734375,0.041015625
0.4690619574652778,0.15664344363742405,0.1530643039279514,0.09880171881781684,0.059694925944010414,0.0484831068250868,0.10797119140625,0.0389404296875
0.4690619574652778,0.15424558851453993,0.1618372599283854,0.10066180759006077,0.06284586588541667,0.0451308356391059,0.118438720703125,0.0386962890625
0.4690619574652778,0.1551426781548394,0.15836630927191842,0.09903123643663195,0.058159722222222224,0.047337849934895836,0.1020355224609375,0.03564453125
0.4690619574652778,0.15415943993462455,0.15879609849717882,0.09655337863498265,0.0667665269639757,0.04741668701171875,0.1186370849609375,0.0443115234375
0.4690619574652778,0.1555487314860026,0.1600824991861979,0.09438726637098524,0.0602815416124132,0.0460111829969618,0.1104583740234375,0.03759765625
0.4690619574652778,0.15899456871880424,0.15116076999240452,0.10224045647515191,0.05597347683376736,0.04785283406575521,0.1134490966796875,0.043701171875
0.4690619574652778,0.1621728473239475,0.16120444403754342,0.10439427693684895,0.05489010281032986,0.050519307454427086,0.106903076171875,0.0364990234375
0.4690619574652778,0.15846104092068142,0.1590660942925347,0.1129197014702691,0.05984157986111111,0.0476472642686632,0.10870361328125,0.04736328125
0.4690619574652778,0.15134864383273655,0.1520936754014757,0.09923150804307726,0.06062740749782986,0.04776806301540799,0.104156494140625,0.0390625
0.4690619574652778,0.15911695692274305,0.15200297037760416,0.1021164788140191,0.059554206000434026,0.04625701904296875,0.0967559814453125,0.0426025390625
0.4690619574652778,0.15328831142849392,0.1501651340060764,0.09865570068359375,0.053187052408854164,0.0493316650390625,0.0988311767578125,0.03662109375
0.4690619574652778,0.1570580800374349,0.1528964572482639,0.10290930006239149,0.0591676500108507,0.046550750732421875,0.1026611328125,0.038330078125
0.4690619574652778,0.15459664662679037,0.15393024020724827,0.1008546617296007,0.058617485894097224,0.0482071770562066,0.104644775390625,0.043701171875
0.4690619574652778,0.15565194023980033,0.15762710571289062,0.10379261440700954,0.05395338270399305,0.049855550130208336,0.100250244140625,0.0445556640625
0.4690619574652778,0.15566719902886283,0.1483272976345486,0.09573449028862847,0.05687120225694445,0.046364678276909724,0.0978546142578125,0.0386962890625
0.4690619574652778,0.15737099117702907,0.18372005886501735,0.10579299926757812,0.0667817857530382,0.04949230617947049,0.112274169921875,0.045654296875
0.4690619574652778,0.15783638424343532,0.1911739773220486,0.10973315768771702,0.06868404812282985,0.05249659220377604,0.113006591796875,0.044921875
0.4690619574652778,0.15687825944688585,0.18756739298502603,0.10974756876627605,0.0682033962673611,0.05449083116319445,0.1083526611328125,0.046142578125
0.4690619574652778,0.15774896409776476,0.19366455078125,0.10829099019368489,0.07019805908203125,0.05475023057725695,0.1129150390625,0.0469970703125
0.4690619574652778,0.15829234653049046,0.1956999037000868,0.11043633355034722,0.07013448079427083,0.05568695068359375,0.1129913330078125,0.04541015625
0.4690619574652778,0.1586524115668403,0.1968197292751736,0.11346605088975695,0.07075246175130208,0.05585606892903646,0.115753173828125,0.04345703125
0.4690619574652778,0.15890195634629992,0.19853168063693577,0.1134749518500434,0.07256825764973958,0.05688434176974826,0.1221160888671875,0.047119140625
0.4690619574652778,0.16026073031955296,0.19763946533203125,0.11372693379720052,0.0733066134982639,0.05741712782118055,0.12310791015625,0.042236328125
0.4690619574652778,0.16105037265353733,0.1991695827907986,0.11500400967068142,0.0738491482204861,0.059727986653645836,0.121734619140625,0.0435791015625
0.4690619574652778,0.1609599855211046,0.19447369045681423,0.11804877387152778,0.07341512044270833,0.05842166476779514,0.1197662353515625,0.041748046875
0.4690619574652778,0.16061517927381727,0.19758394029405382,0.11731105380588108,0.07346004909939235,0.05758878919813368,0.1216888427734375,0.0452880859375
0.4690619574652778,0.15927441914876303,0.1981684366861979,0.11772092183430989,0.0739101833767361,0.058983696831597224,0.123077392578125,0.046142578125
0.4690619574652778,0.1590937508477105,0.20099258422851562,0.11900371975368923,0.07461293538411458,0.05937830607096354,0.1250152587890625,0.0467529296875
0.4690619574652778,0.16005176968044704,0.20302539401584202,0.12066014607747395,0.0740720960828993,0.05905490451388889,0.126251220703125,0.044921875
0.4690619574652778,0.16003566318088108,0.20095740424262154,0.12118678622775608,0.07334815131293403,0.05984454684787326,0.1258392333984375,0.0435791015625
0.4690619574652778,0.15861140357123482,0.20419438680013022,0.12096087137858073,0.07310231526692708,0.06150182088216146,0.128082275390625,0.04296875
0.4690619574652778,0.159555541144477,0.20308303833007812,0.12127727932400173,0.07467397054036458,0.060416327582465276,0.1266632080078125,0.045166015625
0.4690619574652778,0.15899202558729383,0.2037938435872396,0.11899354722764757,0.07590738932291667,0.06185150146484375,0.1259613037109375,0.04248046875
0.4690619574652778,0.15968524085150826,0.20906109280056423,0.11890263027615017,0.0754428439670139,0.0605667961968316,0.133514404296875,0.041015625
0.4690619574652778,0.16059494018554688,0.2065819634331597,0.12137730916341145,0.07473670111762153,0.06176461113823785,0.13153076171875,0.041015625
0.4690619574652778,0.15750132666693795,0.20357810126410592,0.11939917670355903,0.073822021484375,0.06238004896375868,0.1299896240234375,0.043212890625
0.4690619574652778,0.16085169050428602,0.20278718736436632,0.12338489956325954,0.07470194498697917,0.0629590352376302,0.126708984375,0.046875
0.4690619574652778,0.15942011939154732,0.20517730712890625,0.11940892537434895,0.07449510362413195,0.0625152587890625,0.1276397705078125,0.041748046875
0.4690619574652778,0.15864361657036674,0.20874192979600695,0.12199931674533421,0.07524024115668403,0.06257841322157118,0.129486083984375,0.0421142578125
0.4690619574652778,0.16073438856336805,0.20666207207573783,0.12217479281955296,0.0786836412217882,0.06362957424587673,0.131256103515625,0.04052734375
0.4690619574652778,0.16094271341959634,0.20846430460611978,0.12043190002441406,0.07632700602213542,0.06414625379774305,0.1363677978515625,0.0455322265625
0.4690619574652778,0.16066964467366537,0.21055814954969618,0.12597783406575522,0.0762447781032986,0.0631421407063802,0.13140869140625,0.0418701171875
0.4690619574652778,0.15916813744439018,0.20817947387695312,0.125599119398329,0.07674492730034722,0.0640530056423611,0.131256103515625,0.043701171875
0.4690619574652778,0.15976344214545357,0.20789888170030382,0.12527677747938368,0.07718404134114583,0.06532118055555555,0.1331787109375,0.0435791015625
0.4690619574652778,0.16312535603841147,0.20895004272460938,0.12400796678331164,0.0777316623263889,0.06646898057725695,0.1386871337890625,0.045166015625
0.4690619574652778,0.16169632805718315,0.2072635226779514,0.12282477484809028,0.07670338948567708,0.06509017944335938,0.1374969482421875,0.041748046875
0.4690619574652778,0.16358502705891928,0.21059756808810765,0.12423600090874566,0.0785276624891493,0.0655246310763889,0.1414642333984375,0.0482177734375
0.4690619574652778,0.16257201300726998,0.20472208658854166,0.12398338317871094,0.07883199055989583,0.06599638197157118,0.1397857666015625,0.040283203125
0.4690619574652778,0.1626733144124349,0.20302242702907985,0.12727334764268664,0.07718658447265625,0.06514824761284722,0.13275146484375,0.0433349609375
0.4690619574652778,0.16063096788194445,0.20299233330620658,0.12740643819173178,0.07732899983723958,0.06489139133029515,0.1383209228515625,0.0447998046875
0.4690619574652778,0.16237640380859375,0.20855543348524305,0.12722396850585938,0.07698906792534722,0.0655776129828559,0.146026611328125,0.046630859375
0.4690619574652778,0.16106128692626953,0.2066065470377604,0.12768067253960502,0.0763490464952257,0.0669343736436632,0.1363067626953125,0.0457763671875
0.4690619574652778,0.16006681654188368,0.20953538682725695,0.12724007500542533,0.07792409261067708,0.0662337409125434,0.14056396484375,0.045654296875
0.4690619574652778,0.16122606065538195,0.20760006374782985,0.12652630276150173,0.08061048719618055,0.06718020968967015,0.141998291015625,0.0484619140625
0.4690619574652778,0.16193389892578125,0.20632510715060765,0.12403890821668836,0.07876502143012153,0.06642108493381077,0.1478729248046875,0.0478515625
0.4690619574652778,0.16028213500976562,0.20893478393554688,0.1269995371500651,0.07940843370225695,0.06582938300238715,0.1435394287109375,0.0447998046875
0.4690619574652778,0.15999995337592232,0.20701132880316842,0.1286705864800347,0.07736121283637153,0.06610785590277778,0.1458740234375,0.04443359375
0.4690619574652778,0.16109583112928602,0.20861180623372397,0.1263037787543403,0.08049435085720485,0.06610107421875,0.145355224609375,0.041259765625
0.4690619574652778,0.16320249769422743,0.20672692192925346,0.12837939792209202,0.0804231431749132,0.06732220119900173,0.146942138671875,0.043701171875
0.4690619574652778,0.16268412272135416,0.20859230889214408,0.12906455993652344,0.07931009928385417,0.06693945990668403,0.1484375,0.0458984375
0.4690619574652778,0.1623875300089518,0.20557149251302084,0.12822575039333767,0.0800509982638889,0.0676621331108941,0.1468963623046875,0.0465087890625
0.4690619574652778,0.16158930460611978,0.20803324381510416,0.12893634372287327,0.08062828911675347,0.06743367513020833,0.1518096923828125,0.0418701171875
0.4690619574652778,0.16070100996229383,0.20844523111979166,0.12655682033962673,0.08106570773654515,0.0676926506890191,0.150390625,0.048095703125
0.4690619574652778,0.1606377495659722,0.2109154595269097,0.1294648912217882,0.07907952202690972,0.06821356879340278,0.1442413330078125,0.047607421875
0.4690619574652778,0.16146723429361978,0.20854483710394967,0.12779066297743055,0.08048587375217015,0.06801350911458333,0.15032958984375,0.0418701171875
0.4690619574652778,0.16146723429361978,0.20855543348524305,0.12779596116807726,0.08047231038411458,0.06807157728407118,0.1501617431640625,0.0418701171875
0.4690619574652778,0.16146723429361978,0.20855416191948783,0.12773280673556858,0.0805392795138889,0.06822035047743055,0.150146484375,0.041748046875
0.4690619574652778,0.16146723429361978,0.20853890313042533,0.12775739034016928,0.08053080240885417,0.06805419921875,0.1505126953125,0.0418701171875
0.4690619574652778,0.16146723429361978,0.20850329928927952,0.1277559068467882,0.08061896430121528,0.06796476576063368,0.1505584716796875,0.0418701171875
0.4690619574652778,0.16146723429361978,0.20848804050021702,0.12778197394476998,0.08068169487847222,0.06802156236436632,0.1507568359375,0.0418701171875
0.4690619574652778,0.16146723429361978,0.20848253038194445,0.12776226467556423,0.08067576090494792,0.06797875298394097,0.150238037109375,0.0418701171875
